var_rx0_tx0,var_rx0_tx1,var_rx0_tx2,var_rx1_tx0,var_rx1_tx1,var_rx1_tx2,var_rx2_tx0,var_rx2_tx1,var_rx2_tx2,tof_mean,tof_std,aoa_peak,corr_eigen_ratio,num_peaks,std_amp,median_amp,skew_amp,kurtosis_amp,label,source_file
1.4927758654435852e+19,2.5613946145820803e+19,1.0224912434115593e+24,2.177747531531016e+19,1.846594940979842e+19,1.0704361837861976e+24,1.5837901856322826e+19,1.5759000875984136e+19,1.3004215702841674e+24,0.0,0.0,37.0,0.988322386041244,1,3082247087.362825,11595172201.50734,2.0555936618961694,3.582897989160565,no_person,ilive-empty-room-20s-13.dat
1.5932855153517756e+19,6.055427332064004e+19,3.0516732253529245e+24,2.3438431532725154e+19,1.954418345163467e+19,1.5715408332878696e+24,1.2951908030061664e+19,7.607672350545656e+18,3.3957652634645785e+24,0.0,0.0,33.0,0.9756741252888693,1,3418196603.743362,9681553333.133839,2.0649668578452705,3.4698854476786956,no_person,ilive-empty-room-20s-13.dat
1.4163848350805346e+19,1.585604349237929e+19,0.0,1.8398021953130908e+19,1.6087722629882829e+19,0.0,1.2535399879968756e+19,1.3496973497211023e+19,0.0,0.0,0.0,30.0,0.0,1,3100012224.0401573,10758670562.965813,2.174808498582388,3.882791244535988,no_person,ilive-empty-room-20s-13.dat
1.4072415236451363e+19,2.854776797130952e+19,1.0330544708629862e+24,2.040736772616909e+19,1.7800499303489755e+19,3.165957590780518e+23,5.905665472262453e+18,6.571932810589423e+18,1.4780010212335497e+24,0.0,0.0,40.0,0.9750801246334099,1,3375196582.4228354,11455752744.730644,2.060150348756489,3.3291246604512192,no_person,ilive-empty-room-20s-13.dat
1.2420805277976013e+19,1.475444450470357e+19,0.0,1.7259225472733198e+19,1.4823444068265988e+19,0.0,6.523086093892939e+18,8.378912161843551e+18,0.0,0.0,0.0,42.0,0.0,1,3583893948.3168,11477574040.822128,1.9384617489298144,2.715915763082866,no_person,ilive-empty-room-20s-13.dat
1.0740063316753177e+19,1.178268562651261e+19,0.0,2.372092234842467e+19,2.00320335573774e+19,0.0,7.479862430663082e+18,8.426193136297773e+18,0.0,0.0,0.0,46.0,0.0,1,3507521798.3106494,11522812194.12318,2.116000851943631,3.952681700872666,no_person,ilive-empty-room-20s-13.dat
1.961200222025017e+19,2.3728624288373744e+19,5.566706814648811e+23,1.5639825488194572e+19,1.4911265241937177e+19,6.341478100700507e+23,8.520502346477561e+18,8.253159006429018e+18,1.5422709728371994e+24,0.0,0.0,61.0,0.993063820248127,1,3244694456.669842,10709202643.81206,2.1382783332921336,3.725811933046269,no_person,ilive-empty-room-20s-13.dat
