var_rx0_tx0,var_rx0_tx1,var_rx0_tx2,var_rx1_tx0,var_rx1_tx1,var_rx1_tx2,var_rx2_tx0,var_rx2_tx1,var_rx2_tx2,tof_mean,tof_std,aoa_peak,corr_eigen_ratio,num_peaks,std_amp,median_amp,skew_amp,kurtosis_amp,label,source_file
1.9140110857519034e+19,2.182051314629764e+19,3.0533228510941786e+23,2.028159865808219e+19,1.832636208505035e+19,2.679538509087741e+23,7.997737781034823e+18,7.766674650967399e+18,1.674557270411366e+24,0.0,0.0,-11.0,0.5722403092888791,1,2630125708.478602,10567500435.116957,2.0683177175324836,3.4399008314066988,no_person,ilive-empty-room-20s-31.dat
1.7717230211312783e+19,3.644898867476033e+19,9.137329523458915e+23,2.192455495022476e+19,2.000112072379517e+19,7.02542695469424e+23,8.740397755853847e+18,6.042655458870253e+18,1.1046476136713133e+24,0.0,0.0,35.0,0.9806161466428609,1,2305253810.4963484,10171904597.171942,2.2111575917247683,4.030443085545335,no_person,ilive-empty-room-20s-31.dat
1.3529027180623229e+19,1.4238948762882284e+19,0.0,1.974032851600473e+19,1.8478640969538064e+19,0.0,1.0659621863242004e+19,1.2073120486470353e+19,0.0,0.0,0.0,47.0,0.0,1,2049980784.4558916,10971747152.76202,2.1309116524363043,3.6199557639630973,no_person,ilive-empty-room-20s-31.dat
1.4385139465956514e+19,3.3443617203200623e+19,8.664257632817808e+23,1.9698403453215506e+19,1.6588448303733864e+19,5.163210234908336e+23,7.081911962913428e+18,5.752298050526254e+18,9.640899314293487e+23,0.0,0.0,41.0,0.959582131994548,1,2515485597.584484,10057393264.333271,2.287395851083605,4.290967563073633,no_person,ilive-empty-room-20s-31.dat
1.4555107471627799e+19,1.969698304137125e+19,4.312183320163515e+23,1.5565458580274498e+19,1.3391227214318856e+19,4.649737201159022e+23,6.737487208250768e+18,5.231728225046795e+18,1.6932973206465426e+24,0.003703703703703704,0.06074525728465455,3.0,0.9914029549798865,1,2297092738.7830486,10472850911.335194,2.307309332759397,4.47775771984752,no_person,ilive-empty-room-20s-31.dat
