var_rx0_tx0,var_rx0_tx1,var_rx0_tx2,var_rx1_tx0,var_rx1_tx1,var_rx1_tx2,var_rx2_tx0,var_rx2_tx1,var_rx2_tx2,tof_mean,tof_std,aoa_peak,corr_eigen_ratio,num_peaks,std_amp,median_amp,skew_amp,kurtosis_amp,label,source_file
1.6021494558865275e+19,2.225332770556114e+19,7.9907817418893e+23,2.3610229634093474e+19,1.7068076538699663e+19,4.2805103945286486e+23,1.3494986388218526e+19,1.6423650775802098e+19,3.618159516348637e+24,0.0,0.0,56.0,0.896591363176417,1,3503389564.7680044,10150601097.855755,2.0976802419444063,3.704911712405008,no_person,ilive-empty-room-20s-10.dat
1.2207832268605161e+19,1.3108635549939077e+19,0.0,2.1681437097103094e+19,1.943110039402734e+19,0.0,1.6009459198076037e+19,1.816530219679461e+19,0.0,0.0,0.0,44.0,0.0,1,2437252203.021436,9895669516.230322,2.2523153151864768,4.262538542083995,no_person,ilive-empty-room-20s-10.dat
1.1907059621787425e+19,2.562076461877277e+19,1.1889864614526814e+24,1.7483707899190202e+19,1.503357653926437e+19,5.285572352319764e+23,1.0791175995633598e+19,1.2040347182677084e+19,1.8181365929048357e+24,0.0,0.0,90.0,0.9902325977744236,1,3128706224.92531,10881015308.83599,2.047588886266917,3.348928111253869,no_person,ilive-empty-room-20s-10.dat
2.1859517912971076e+19,2.3176846826335937e+19,0.0,1.949950816190537e+19,1.648673071084867e+19,0.0,3.376557963014854e+18,3.5839162718132403e+18,0.0,0.0,0.0,42.0,0.0,1,3009491983.3140106,10219667082.2335,2.148215028888854,3.645793207751824,no_person,ilive-empty-room-20s-10.dat
1.0585182749783278e+19,1.3085766485281917e+19,0.0,1.6389212604104376e+19,1.427417601929341e+19,0.0,3.6395250417818803e+18,3.394457720087082e+18,0.0,0.0,0.0,41.0,0.0,1,3012028410.0346932,11228414722.290045,2.0107604414207536,3.2996379412387533,no_person,ilive-empty-room-20s-10.dat
1.3762838217313667e+19,2.735540415643559e+19,1.304035166082305e+24,1.9931503038420836e+19,1.7475157530408151e+19,5.571316649353169e+23,8.555029479651934e+18,9.179226944466015e+18,1.382225094279291e+24,0.0,0.0,8.0,0.9950110138672592,1,2782615937.534959,10378673601.485748,2.104241903925238,3.4634435384430793,no_person,ilive-empty-room-20s-10.dat
1.119014002988771e+19,1.0968269606920718e+19,0.0,2.453333280199711e+19,2.2951301162144702e+19,0.0,1.282611724207361e+19,1.470900039459203e+19,0.0,0.0,0.0,44.0,0.0,1,2172903565.7890096,12175869862.031902,2.0863236812637567,3.5532810501931724,no_person,ilive-empty-room-20s-10.dat
