var_rx0_tx0,var_rx0_tx1,var_rx0_tx2,var_rx1_tx0,var_rx1_tx1,var_rx1_tx2,var_rx2_tx0,var_rx2_tx1,var_rx2_tx2,tof_mean,tof_std,aoa_peak,corr_eigen_ratio,num_peaks,std_amp,median_amp,skew_amp,kurtosis_amp,label,source_file
2.0072792556039836e+19,1.8932619375608857e+19,0.0,1.505425300473405e+19,1.2661335147897674e+19,0.0,7.543152268109573e+18,8.467002855173316e+18,0.0,0.0,0.0,50.0,0.0,1,5250725510.034315,10892741824.867744,1.8465814337559443,2.5569943933699717,no_person,ilive-empty-room-20s-22.dat
1.5668650195681516e+19,1.5210082536847739e+19,0.0,2.482901894061598e+19,2.328725559073142e+19,0.0,1.423862947340833e+19,1.5109000380046905e+19,0.0,0.0,0.0,53.0,0.0,1,3580007921.1937556,10914279930.470798,1.4904667932963558,1.2574263351979713,no_person,ilive-empty-room-20s-22.dat
1.4769957981342243e+19,3.731614955952635e+19,1.4204804592411378e+24,2.091416564740036e+19,1.5761598075884956e+19,4.181946950735669e+23,8.036345710795168e+18,6.224756471275957e+18,1.1354149886970096e+24,0.0,0.0,90.0,0.9370087236295717,1,2549551127.5229316,11042639755.18188,1.8183425592867106,2.445817805913988,no_person,ilive-empty-room-20s-22.dat
1.1397110069528855e+19,1.12547544471842e+19,0.0,2.482006326392443e+19,2.0461369257196188e+19,0.0,5.099837660438628e+18,5.202213850328734e+18,0.0,0.003703703703703704,0.060745257284654554,48.0,0.0,1,3257338596.6065197,10453627194.362198,1.9202433746144307,2.788950763166996,no_person,ilive-empty-room-20s-22.dat
1.6720511154672726e+19,4.191841271113432e+19,2.1554702379130068e+24,9.223751670657653e+18,1.0342283591849052e+19,1.4760301331481735e+24,1.5435336569014125e+19,1.3549305296861344e+19,6.130273733159453e+24,0.0,0.0,-6.0,0.7328858768562729,2,2913332700.968183,9661206869.996452,1.711660931810605,2.068498594220225,no_person,ilive-empty-room-20s-22.dat
