var_rx0_tx0,var_rx0_tx1,var_rx0_tx2,var_rx1_tx0,var_rx1_tx1,var_rx1_tx2,var_rx2_tx0,var_rx2_tx1,var_rx2_tx2,tof_mean,tof_std,aoa_peak,corr_eigen_ratio,num_peaks,std_amp,median_amp,skew_amp,kurtosis_amp,label,source_file
1.4886208434848465e+19,3.2344955308993204e+19,1.0005803147340253e+24,2.1324553950185075e+19,1.889665998093641e+19,4.824987240310524e+23,9.530299044721275e+18,9.28101126907003e+18,1.1454816591110279e+24,0.0,0.0,21.0,0.9545324331044215,1,2683793666.385694,10459616458.539993,2.022552745727636,3.2177312840047687,no_person,ilive-empty-room-20s-11.dat
1.829396886009138e+19,2.1877890019378467e+19,0.0,2.090281315985897e+19,1.8404205416183388e+19,0.0,7.691611186930221e+18,8.494702538954612e+18,0.0,0.0,0.0,42.0,0.0,1,3112698381.5142493,10199433996.903893,2.0998288653155512,3.5491076453007553,no_person,ilive-empty-room-20s-11.dat
1.6913075530447663e+19,1.7642548686516253e+19,0.0,1.4825671047893545e+19,1.24996363732782e+19,0.0,5.8431685463069e+18,6.440944467500215e+18,0.0,0.0,0.0,41.0,0.0,1,2783028126.5057187,10868060192.357986,2.1733114169418335,3.89246431666594,no_person,ilive-empty-room-20s-11.dat
2.3426992749463077e+19,2.672456754793081e+19,3.3426349761047655e+23,1.6388419323444277e+19,1.2976832939174269e+19,2.7210558515693355e+23,1.2089229616072266e+19,1.0354153160607298e+19,1.2318855544416503e+24,0.0,0.0,11.0,0.9355591246540977,1,3884319783.5718946,10955414308.294277,2.148883479398742,3.7128148021079435,no_person,ilive-empty-room-20s-11.dat
1.985045922786619e+19,2.8556686906590597e+19,4.648158533496392e+23,2.2015233498523165e+19,1.7080599211892967e+19,1.6227631888197433e+23,6.512496219473576e+18,5.693324669030433e+18,1.74645002772602e+24,0.0,0.0,24.0,0.962068802345681,1,3117194537.2813473,10095675569.734337,2.1366506401931913,3.9457207701273473,no_person,ilive-empty-room-20s-11.dat
