var_rx0_tx0,var_rx0_tx1,var_rx0_tx2,var_rx1_tx0,var_rx1_tx1,var_rx1_tx2,var_rx2_tx0,var_rx2_tx1,var_rx2_tx2,tof_mean,tof_std,aoa_peak,corr_eigen_ratio,num_peaks,std_amp,median_amp,skew_amp,kurtosis_amp,label,source_file
1.7325383150825492e+19,1.7850771906810724e+19,0.0,1.7046030531108915e+19,1.4778821736428882e+19,0.0,8.795285256492776e+18,1.0127382446020129e+19,0.0,0.0,0.0,54.0,0.0,1,2669046642.0812902,11213774721.322624,1.9829258034494517,3.0201624985103024,no_person,ilive-empty-room-20s-60.dat
1.5901709030394083e+19,1.5933384999541778e+19,0.0,1.7188200973282322e+19,1.4108780832762579e+19,0.0,4.660150120856318e+18,5.424215370289864e+18,0.0,0.0,0.0,52.0,0.0,1,2649653357.8409634,10952129344.236336,1.7795508356178553,2.1430748319779696,no_person,ilive-empty-room-20s-60.dat
1.3799023756033214e+19,1.551759406175996e+19,0.0,1.897977313943445e+19,1.5936102881200515e+19,0.0,1.2820927372793076e+19,1.4506157368004014e+19,0.0,0.007407407407407408,0.08574694002066834,54.0,0.0,1,2762033122.992369,9906510925.97026,2.1068016631390214,3.6778573658250977,no_person,ilive-empty-room-20s-60.dat
2.1290848815227056e+19,2.0835826465270292e+19,0.0,1.6701534742071958e+19,1.4016773041635455e+19,0.0,1.4062033181700073e+19,1.5664157252338651e+19,0.0,0.003703703703703704,0.06074525728465454,50.0,0.0,1,2614235729.855532,11117036549.576427,1.9432033480788802,2.8827220385677226,no_person,ilive-empty-room-20s-60.dat
2.016720136980338e+19,2.9840391160639365e+19,1.0093479547241283e+24,1.5810386800684925e+19,1.5147140731588772e+19,1.0289685121168702e+24,6.694650497637485e+18,4.354072616325252e+18,8.269333480347269e+23,0.0,0.0,49.0,0.9837740933199718,1,3872802480.639497,11210844134.380198,1.8783214438031037,2.4875111831620105,no_person,ilive-empty-room-20s-60.dat
1.4088386132090989e+19,3.0598597297396507e+19,1.4665483634375166e+24,2.4110246640210633e+19,2.4255408154548273e+19,2.9794435997519904e+24,1.742964464855861e+19,1.5316860119053335e+19,4.6042387645284565e+24,0.0,0.0,90.0,0.776011391298504,1,2808881612.5440826,7877470219.562727,1.9712566738384254,2.867089094566756,no_person,ilive-empty-room-20s-60.dat
2.1380579283078246e+19,3.2329075057437696e+19,7.797990935540217e+23,1.8057681596733733e+19,1.7709728881257957e+19,8.148412218320211e+23,1.2365197611338127e+19,1.21713995785188e+19,1.902278399612993e+24,0.0,0.0,19.0,0.8566053524896183,1,2871642181.8537784,10252123452.94405,2.0160366748083747,3.2238113587466106,no_person,ilive-empty-room-20s-60.dat
