var_rx0_tx0,var_rx0_tx1,var_rx0_tx2,var_rx1_tx0,var_rx1_tx1,var_rx1_tx2,var_rx2_tx0,var_rx2_tx1,var_rx2_tx2,tof_mean,tof_std,aoa_peak,corr_eigen_ratio,num_peaks,std_amp,median_amp,skew_amp,kurtosis_amp,label,source_file
1.667829324418992e+19,1.7920448772038666e+19,0.0,2.0197160088478487e+19,1.715057373139164e+19,0.0,1.332337040347265e+19,1.3605623583596757e+19,0.0,0.0,0.0,50.0,0.0,1,3501211795.3100457,10971827804.679342,2.205127833647419,4.0378662758829,no_person,ilive-empty-room-20s-30.dat
1.679966189916057e+19,1.7500730330628962e+19,0.0,1.7184765217739618e+19,1.458340713751061e+19,0.0,6.070898156750599e+18,6.586858980410273e+18,0.0,0.0,0.0,47.0,0.0,1,2662687803.505668,9282222257.956444,2.20635030946833,3.958459175519418,no_person,ilive-empty-room-20s-30.dat
1.7516572283590906e+19,3.543580950730093e+19,1.2513105628399803e+24,1.9488207942634815e+19,1.6495338674039527e+19,5.1894429387453185e+23,9.402705412805417e+18,8.777897456552892e+18,1.4374883681757928e+24,0.0,0.0,5.0,0.9593738693583909,1,2928933627.314805,11269085278.509464,2.1599121818706006,3.7494513822196156,no_person,ilive-empty-room-20s-30.dat
