var_rx0_tx0,var_rx0_tx1,var_rx0_tx2,var_rx1_tx0,var_rx1_tx1,var_rx1_tx2,var_rx2_tx0,var_rx2_tx1,var_rx2_tx2,tof_mean,tof_std,aoa_peak,corr_eigen_ratio,num_peaks,std_amp,median_amp,skew_amp,kurtosis_amp,label,source_file
1.3981468548221815e+19,1.6672957094298644e+19,0.0,1.9645340691301474e+19,1.6251976520897407e+19,0.0,6.85076501718424e+18,6.91528225777146e+18,0.0,0.0,0.0,44.0,0.0,1,3410351708.72738,11605884788.893585,2.052370734436884,3.590895062582743,no_person,ilive-empty-room-20s-12.dat
1.344052614026845e+19,1.4241435078862141e+19,0.0,2.5626841331103937e+19,2.286661630136377e+19,0.0,6.31135758775092e+18,7.14640785730832e+18,0.0,0.0,0.0,46.0,0.0,1,2709173542.9338818,10963185466.09205,2.046924826738858,3.096767144457231,no_person,ilive-empty-room-20s-12.dat
1.4023054441215244e+19,3.9256753038076854e+19,1.4216298729591417e+24,1.7983518368022944e+19,1.5294109887558371e+19,7.77123864142419e+23,7.490919094810729e+18,4.999288967524407e+18,3.2255292526407414e+24,0.0,0.0,50.0,0.9631864215333579,1,3591218874.327966,10020220673.258232,2.133540590091472,3.6548834983685587,no_person,ilive-empty-room-20s-12.dat
1.2458848060021699e+19,1.3913794283494425e+19,0.0,2.3945814795031163e+19,2.167184052452276e+19,0.0,9.189360454411834e+18,9.546875210545578e+18,0.0,0.0,0.0,42.0,0.0,1,2061264786.0213797,8849202646.465118,2.03247175256303,3.0808619893483096,no_person,ilive-empty-room-20s-12.dat
