var_rx0_tx0,var_rx0_tx1,var_rx0_tx2,var_rx1_tx0,var_rx1_tx1,var_rx1_tx2,var_rx2_tx0,var_rx2_tx1,var_rx2_tx2,tof_mean,tof_std,aoa_peak,corr_eigen_ratio,num_peaks,std_amp,median_amp,skew_amp,kurtosis_amp,label,source_file
1.5168019767600968e+19,1.5027350452105865e+19,0.0,1.969236813259528e+19,1.8344710525324104e+19,0.0,1.0590990831642538e+19,1.0589804547808442e+19,0.0,0.0,0.0,23.0,0.0,1,1541848567.2494357,11803632908.339655,1.8022084381130963,2.357138610859936,no_person,ilive-empty-room-20s-14.dat
1.374092678683108e+19,1.4354263354120925e+19,0.0,2.3220917251448533e+19,2.157812121870204e+19,0.0,8.532556280198682e+18,8.619032367974784e+18,0.0,0.0,0.0,45.0,0.0,1,1918522895.4355795,11245518751.155449,1.993078995199224,3.515133416846367,no_person,ilive-empty-room-20s-14.dat
1.5630770937936773e+19,2.7654471915508072e+19,9.922170891621535e+23,1.228462997226974e+19,9.079057351465197e+18,4.858872092233198e+23,1.1296227752851421e+19,9.79495399754587e+18,2.379222283362073e+24,0.0,0.0,8.0,0.9649791420331165,1,1628606729.8529243,11751918353.774475,2.1306393171847975,4.1568427523161,no_person,ilive-empty-room-20s-14.dat
1.6252520772017852e+19,3.1136142090780594e+19,1.2253595271781743e+24,1.5546268205242518e+19,1.4984099233268615e+19,8.385570317970628e+23,1.2659861430572399e+19,1.071042138209084e+19,8.498671003815012e+23,0.0,0.0,58.0,0.9920985159454566,1,1782751635.9885306,10832183190.041124,1.9489026958344442,2.8001403646087484,no_person,ilive-empty-room-20s-14.dat
1.9152423697755935e+19,2.586056775095834e+19,5.074136325833776e+23,2.4674215037944398e+19,2.1780646901861458e+19,9.888619459485672e+23,8.264775720287989e+18,8.983881320019621e+18,2.1570079487511251e+24,0.0,0.0,30.0,0.8134358226368311,1,2433864153.6338973,10744334713.272728,1.9855302163138926,3.3347324076761415,no_person,ilive-empty-room-20s-14.dat
1.6377308819517813e+19,2.9292803636817727e+19,8.291899659070211e+23,2.011296985080545e+19,1.6770818300434332e+19,6.399976401983128e+23,8.907134358703933e+18,8.383066963228417e+18,1.5769410735004413e+24,0.0,0.0,38.0,0.9741129999133552,1,2623910246.228169,11031105964.52916,1.9942546592913708,3.4279541115303305,no_person,ilive-empty-room-20s-14.dat
1.3153449175538893e+19,1.4612791235824163e+19,0.0,2.3983756715222135e+19,1.9519803537285714e+19,0.0,5.407847377788081e+18,6.25425358598632e+18,0.0,0.0,0.0,47.0,0.0,1,1732329594.7678256,10079544162.285057,1.7033669265568046,2.3998091034500177,no_person,ilive-empty-room-20s-14.dat
