var_rx0_tx0,var_rx0_tx1,var_rx0_tx2,var_rx1_tx0,var_rx1_tx1,var_rx1_tx2,var_rx2_tx0,var_rx2_tx1,var_rx2_tx2,tof_mean,tof_std,aoa_peak,corr_eigen_ratio,num_peaks,std_amp,median_amp,skew_amp,kurtosis_amp,label,source_file
1.3974359463404212e+19,1.5153352498962084e+19,0.0,1.8494968454172606e+19,1.465706889563893e+19,0.0,8.236393474431608e+18,8.785156175682418e+18,0.0,0.22592592592592592,3.342885490399041,40.0,0.0,7,1569532809.6163876,11144762357.009846,0.9469037052035156,1.2701854409834166,no_person,ilive-empty-room-20s-58.dat
2.231325627333721e+19,4.688204008014511e+19,2.870137443145942e+24,1.7538244592783049e+19,1.9508577056209277e+19,3.9190196587006556e+24,2.253410215817682e+19,2.2342155595705397e+19,8.026356606735413e+24,0.0,0.0,35.0,0.9541427496766887,1,3773906127.7959766,8363781574.524927,1.8838659398209399,2.6209943422046402,no_person,ilive-empty-room-20s-58.dat
1.818726718328348e+19,6.407582320322312e+19,2.5974432520805943e+24,1.745009059926268e+19,1.6936255471210942e+19,2.239832254891165e+24,1.4085917308341475e+19,1.3003084131560233e+19,5.515586590059174e+24,0.0,0.0,6.0,0.9776929189639092,3,2061249752.382308,9808538601.282974,1.9445929750508142,3.2998024672729453,no_person,ilive-empty-room-20s-58.dat
1.7133159022058598e+19,1.7397419013004182e+19,0.0,1.1026092979669533e+19,8.965126870831499e+18,0.0,5.068478423744678e+18,5.746660225668521e+18,0.0,0.0,0.0,44.0,0.0,4,1901369918.7791176,11433785144.91206,1.497527153157138,1.9790622194110874,no_person,ilive-empty-room-20s-58.dat
1.999750159180188e+19,1.9716870118752166e+19,0.0,1.4454093746738055e+19,1.2604028881473212e+19,0.0,5.961327971987381e+18,6.62139357670309e+18,0.0,0.0,0.0,47.0,0.0,1,2770166714.4258604,10611721762.253405,1.9214474115678082,2.678919385808431,no_person,ilive-empty-room-20s-58.dat
1.318126827858307e+19,1.4148346273563523e+19,0.0,1.2730350500195412e+19,9.792915911691016e+18,0.0,5.185183157643789e+18,4.2104544483053527e+18,0.0,0.0,0.0,42.0,0.0,1,2144412100.6264725,10214908036.380157,1.9431976916743023,3.0156246886487255,no_person,ilive-empty-room-20s-58.dat
1.6317230761014743e+19,1.870168479412238e+19,0.0,1.6027028299652549e+19,1.5349887934097308e+19,0.0,3.1821420061438085e+18,2.893917402221049e+18,0.0,0.011111111111111112,0.1048220125784067,43.0,0.0,2,2467787999.7876573,10153979252.541416,2.086569347956105,3.866951109564541,no_person,ilive-empty-room-20s-58.dat
