var_rx0_tx0,var_rx0_tx1,var_rx0_tx2,var_rx1_tx0,var_rx1_tx1,var_rx1_tx2,var_rx2_tx0,var_rx2_tx1,var_rx2_tx2,tof_mean,tof_std,aoa_peak,corr_eigen_ratio,num_peaks,std_amp,median_amp,skew_amp,kurtosis_amp,label,source_file
1.5017806809528584e+19,3.3461588397474243e+19,1.1079460696386957e+24,1.3558874297189857e+19,1.1886974208213348e+19,5.6859295183788363e+23,6.596579690250288e+18,6.756231455465424e+18,1.8912912835771337e+24,0.0,0.0,75.0,0.9646565039850307,2,2254700194.9674826,11135043286.709274,1.9169935511648977,3.2130101975889245,no_person,ilive-empty-room-20s-54.dat
2.4451941077478494e+19,5.19989867592368e+19,1.4632222728308144e+24,1.6485580658214615e+19,1.5975908722252812e+19,5.5595169967125126e+23,8.929142264500027e+18,8.943776319474428e+18,1.2558568293725283e+24,0.22592592592592592,3.342885490399041,68.0,0.9898327382490871,2,2053358820.8545601,11630946721.009212,1.7192799499011515,2.575879165251754,no_person,ilive-empty-room-20s-54.dat
1.0153856437848175e+19,1.3119788570060386e+19,0.0,1.1016855633570687e+19,9.018998430927449e+18,0.0,3.50425524717114e+18,4.0720941035298273e+18,0.0,0.014814814814814815,0.12081115874296361,41.0,0.0,4,1478659994.8016596,9591698647.190813,1.5219149700107795,2.0676324090361167,no_person,ilive-empty-room-20s-54.dat
1.0911242947784989e+19,2.1622774772980474e+19,7.880746422920289e+23,1.779504882246899e+19,1.4746195071268964e+19,5.466255362472362e+23,7.877725854305237e+18,6.156538319483463e+18,3.339113023929081e+24,0.0,0.0,14.0,0.7895066523820986,2,1894246804.8363175,10035999204.61707,1.8783033275889074,3.1194892812217674,no_person,ilive-empty-room-20s-54.dat
1.913305630878119e+19,2.0904262244947194e+19,7.245331099114362e+23,1.8591091887703044e+19,1.4227857568199274e+19,4.321103504274921e+23,1.8480257519326507e+19,1.7652814857079951e+19,2.954286904244441e+24,0.003703703703703704,0.060745257284654554,41.0,0.9857873396446197,1,3521083515.426234,9894941523.243856,1.694373089610338,1.75147052009613,no_person,ilive-empty-room-20s-54.dat
