var_rx0_tx0,var_rx0_tx1,var_rx0_tx2,var_rx1_tx0,var_rx1_tx1,var_rx1_tx2,var_rx2_tx0,var_rx2_tx1,var_rx2_tx2,tof_mean,tof_std,aoa_peak,corr_eigen_ratio,num_peaks,std_amp,median_amp,skew_amp,kurtosis_amp,label,source_file
1.4054271882162436e+19,2.9360006338055328e+19,1.2190013394667924e+24,2.0104312753431912e+19,1.6467309406555701e+19,4.6842528632587005e+23,8.333057011445593e+18,1.0282458624578738e+19,1.3074840880679677e+24,0.0,0.0,15.0,0.9232294633369961,1,2576529375.8321714,10540393025.556238,2.026592775260102,3.2899348567251963,no_person,ilive-empty-room-20s-9.dat
1.4336239533706435e+19,1.8787271682519597e+19,4.726695239401755e+23,1.884419921713615e+19,1.6376622092315791e+19,2.3428040871085135e+23,9.784590574102548e+18,1.1584397762480396e+19,1.9351222268957056e+24,0.0,0.0,30.0,0.9230177688280702,1,2773602695.6387243,11191615690.765863,2.1051428156778873,3.6582994463190266,no_person,ilive-empty-room-20s-9.dat
1.5302464499727133e+19,2.1788815015841788e+19,6.053891905956532e+23,1.9146450808962855e+19,1.6188191503488614e+19,2.3449359587162886e+23,1.0808106388044438e+19,1.2013008053299337e+19,2.3758333003625768e+24,0.0,0.0,25.0,0.9758207983629478,1,3405477115.6574965,10817741307.407871,1.9748007616846754,3.162151421095011,no_person,ilive-empty-room-20s-9.dat
1.0937326771464718e+19,1.2363065103897063e+19,0.0,2.256396493915537e+19,1.8829056300138836e+19,0.0,9.021759623912948e+18,9.53294644122953e+18,0.0,0.0,0.0,42.0,0.0,1,2134591886.6413817,10747001541.367886,2.0155964148964483,3.467376509808343,no_person,ilive-empty-room-20s-9.dat
