var_rx0_tx0,var_rx0_tx1,var_rx0_tx2,var_rx1_tx0,var_rx1_tx1,var_rx1_tx2,var_rx2_tx0,var_rx2_tx1,var_rx2_tx2,tof_mean,tof_std,aoa_peak,corr_eigen_ratio,num_peaks,std_amp,median_amp,skew_amp,kurtosis_amp,label,source_file
1.1651887183862972e+19,1.1860015850202534e+19,0.0,2.1027711309375943e+19,1.7899888375769213e+19,0.0,6.125527264858356e+18,6.945285796444595e+18,0.0,0.003703703703703704,0.06074525728465457,41.0,0.0,1,2143550014.0730221,10586773628.770155,1.928486763597329,2.628754179600543,no_person,ilive-empty-room-20s-24.dat
1.0250250655243262e+19,9.70212944138923e+18,0.0,1.0770835943974015e+19,9.587485930880772e+18,0.0,6.617052754111106e+18,8.285623207520814e+18,0.0,0.0,0.0,41.0,0.0,1,1744396419.078419,10681241530.56205,2.0884195598701236,3.6653579137076333,no_person,ilive-empty-room-20s-24.dat
1.0534354941847468e+19,2.080967251707402e+19,7.693249396062121e+23,2.2323562768959762e+19,2.279573041128391e+19,1.4293226932096814e+24,1.0818052016015464e+19,1.2087464535814443e+19,7.695639239514597e+23,0.0,0.0,40.0,0.98548644920208,1,1981744528.3667426,9967993143.765862,2.081695652819545,3.4563380766775103,no_person,ilive-empty-room-20s-24.dat
1.2612055616142502e+19,1.5535679412737386e+19,3.562084606839158e+23,2.2631977768430137e+19,1.9144460376958427e+19,2.035259861501598e+23,1.8308075941782313e+19,1.8371102938190397e+19,1.3895945678937904e+24,0.0,0.0,90.0,0.9698802460690487,1,2358029444.50424,10831314800.944656,2.2052053161254053,4.108914590866638,no_person,ilive-empty-room-20s-24.dat
1.25056435055444e+19,1.550333487712018e+19,3.3469009530802234e+23,2.240244023893869e+19,1.6812763813011685e+19,2.2570905815789287e+23,1.1167969169452499e+19,1.1035219459597302e+19,2.3056757392070606e+24,0.011111111111111112,0.10482201257840673,68.0,0.9655799147412276,5,886306916.0592576,10514097224.700867,1.338628057503989,0.9668076663840508,no_person,ilive-empty-room-20s-24.dat
