var_rx0_tx0,var_rx0_tx1,var_rx0_tx2,var_rx1_tx0,var_rx1_tx1,var_rx1_tx2,var_rx2_tx0,var_rx2_tx1,var_rx2_tx2,tof_mean,tof_std,aoa_peak,corr_eigen_ratio,num_peaks,std_amp,median_amp,skew_amp,kurtosis_amp,label,source_file
2.210827935865162e+19,4.284704665240972e+19,1.3189116979457573e+24,2.287787890500537e+19,1.876101546558162e+19,8.277097586460202e+23,1.49818679533237e+19,1.6390297859471454e+19,1.5268276647992454e+24,0.0,0.0,68.0,0.8701171802838302,1,3090817689.292402,11334025885.693865,1.996753931202278,3.102125974350926,no_person,ilive-empty-room-20s-51.dat
2.0185086224618656e+19,2.548479935240927e+19,3.6066894073947206e+23,2.2960658808706736e+19,1.9776404406179963e+19,3.225622563396236e+23,1.2893600987796685e+19,1.483448972854285e+19,1.4773698103458028e+24,0.0,0.0,-1.0,0.8676604370527932,1,3159346117.7516074,11848270481.854418,2.0589896575470976,3.422685371763806,no_person,ilive-empty-room-20s-51.dat
1.9745503312730132e+19,1.9936473260326048e+19,0.0,2.4360105888444875e+19,2.089082647248327e+19,0.0,2.233919337782974e+19,2.587639100982477e+19,0.0,0.0,0.0,44.0,0.0,1,3082002315.624998,9827438989.826694,1.982053074830203,2.9010331472837763,no_person,ilive-empty-room-20s-51.dat
2.1182607110845444e+19,2.100228956568808e+19,0.0,2.176435887288334e+19,1.8622699908406088e+19,0.0,2.192324019660335e+19,2.186876429161736e+19,0.0,0.0,0.0,45.0,0.0,1,2967424616.1820126,10781056786.536858,1.971904916264751,2.894844354745328,no_person,ilive-empty-room-20s-51.dat
2.53452951941988e+19,2.329545648969708e+19,0.0,1.796316032668441e+19,1.5535036183058274e+19,0.0,2.0703847788244345e+19,2.066009098449782e+19,0.0,0.0,0.0,56.0,0.0,1,3790583558.0268235,11132501651.532087,1.955543054088001,2.8055919788206856,no_person,ilive-empty-room-20s-51.dat
1.981748175760542e+19,1.8590041584227004e+19,0.0,2.2352540299458687e+19,1.7838521451475014e+19,0.0,1.1339540604544326e+19,1.2567559966131702e+19,0.0,0.0,0.0,43.0,0.0,1,3156481545.0323772,11317424294.996378,1.8880818832414716,2.499412604447949,no_person,ilive-empty-room-20s-51.dat
2.413588997295643e+19,2.4164087613588615e+19,0.0,2.463903278760979e+19,2.0679025789634327e+19,0.0,1.3883016399431369e+19,1.7322720943569916e+19,0.0,0.0,0.0,53.0,0.0,1,2920272158.037521,12131711274.787798,1.8940684088950652,2.7895442397080004,no_person,ilive-empty-room-20s-51.dat
