var_rx0_tx0,var_rx0_tx1,var_rx0_tx2,var_rx1_tx0,var_rx1_tx1,var_rx1_tx2,var_rx2_tx0,var_rx2_tx1,var_rx2_tx2,tof_mean,tof_std,aoa_peak,corr_eigen_ratio,num_peaks,std_amp,median_amp,skew_amp,kurtosis_amp,label,source_file
1.372123416103404e+19,1.4108830577079003e+19,0.0,1.4682020168612202e+19,1.2908722030412577e+19,0.0,6.331395078907299e+18,7.014516775153228e+18,0.0,0.0,0.0,46.0,0.0,1,3084640118.485577,11255906069.181684,2.1475770038066635,3.626619743227833,no_person,ilive-empty-room-20s-5.dat
1.2209653209561612e+19,1.6221724489700868e+19,0.0,1.3522269633728246e+19,1.2347375211481844e+19,0.0,1.0911444610926418e+19,1.1120663931517637e+19,0.0,0.0,0.0,48.0,0.0,1,4338023387.322242,9599996682.118847,2.129083388972159,3.5727666550420274,no_person,ilive-empty-room-20s-5.dat
1.8638664405457445e+19,3.4285512965848064e+19,1.14785394551627e+24,1.3893157496023396e+19,1.3901370794883766e+19,1.0580665063762343e+24,1.3984412100419187e+19,1.0136567840575226e+19,2.2570696454859972e+24,0.0,0.0,26.0,0.9180793334990027,1,3247987159.5901237,10089754962.49466,2.2176056127293635,3.9790907522388075,no_person,ilive-empty-room-20s-5.dat
1.1961733702166884e+19,5.1901024212674355e+19,2.3772012029829624e+24,1.982211252614749e+19,1.9237475587160703e+19,1.818146928860621e+24,1.9076522387771367e+19,1.83517286995638e+19,2.301305762246372e+24,0.0,0.0,90.0,0.9544040083041958,1,3173178576.429767,9148599511.243536,2.0174249150663845,3.047364281534816,no_person,ilive-empty-room-20s-5.dat
1.0184857675925324e+19,9.86875850950515e+18,0.0,2.0163623787521348e+19,1.8092441935516113e+19,0.0,6.047366725892982e+18,6.71883606562273e+18,0.0,0.0,0.0,50.0,0.0,1,3499420777.4787583,9992738336.47728,2.0237973808587264,3.0895884356678343,no_person,ilive-empty-room-20s-5.dat
