{
  "reg_mae_m": 1.1545454545454548,
  "reg_rmse_m": 1.3862965706580184,
  "reg_latency_s": 0.0002914558757435192
}