{
  "mae_m": 2033.048624331805,
  "rmse_m": 2521.1028187148913,
  "latency_s": 4.096712384905134e-05
}